{"vertices":[-16.6374,7.27242e-07,16.6374,16.6374,7.27242e-07,16.6374,-16.6374,-7.27242e-07,-16.6374,16.6374,-7.27242e-07,-16.6374],"faces":[41,0,1,3,2,0,1,2,3,0,1,2,3,0,0,0,0],"uvs":[[0.00010004,9.998e-05,0.9999,9.998e-05,0.9999,0.9999,9.998e-05,0.9999],[0.00010004,9.998e-05,0.9999,9.998e-05,0.9999,0.9999,9.998e-05,0.9999]],"metadata":{"vertices":4,"type":"Geometry","generator":"io_three","faces":2,"normals":1,"uvs":2,"version":3},"normals":[0,1,-4.37114e-08]}