{"vertices":[-0.724032,0.0862268,0.395349,-0.724032,0.338796,0.328357,-0.724032,0.0862267,0.036041,-0.724032,0.338796,0.036041,0.724032,0.0862268,0.395349,0.724032,0.338796,0.328357,0.724032,0.0862267,0.036041,0.724032,0.338796,0.036041],"faces":[41,0,1,3,2,0,1,2,3,0,0,0,0,41,6,7,5,4,4,5,6,7,1,1,1,1,41,1,0,4,5,10,11,8,9,2,2,2,2,41,7,3,1,5,12,13,14,15,3,3,3,3],"uvs":[[0.603989,0.254254,0.433812,0.209117,0.433812,0.0121584,0.603989,0.0121584,0.603989,0.520667,0.433812,0.520667,0.433812,0.323709,0.603989,0.278571,0.233434,0.0121585,0.409495,0.0121584,0.409495,0.987842,0.233434,0.987842,0.0121584,0.987841,0.0121584,0.0121584,0.209117,0.0121584,0.209117,0.987841]],"normals":[-1,0,0,1,0,0,0,0.256374,0.966578,0,1,0],"metadata":{"version":3,"generator":"io_three","normals":4,"vertices":8,"type":"Geometry","uvs":1,"faces":4}}