{"metadata":{"generator":"io_three","type":"Geometry","vertices":4,"faces":1,"uvs":1,"version":3,"normals":1},"vertices":[-16.6374,7.27242e-07,16.6374,16.6374,7.27242e-07,16.6374,-16.6374,-7.27242e-07,-16.6374,16.6374,-7.27242e-07,-16.6374],"uvs":[[0.00010004,9.998e-05,0.9999,9.998e-05,0.9999,0.9999,9.998e-05,0.9999]],"normals":[0,1,-4.37114e-08],"faces":[41,0,1,3,2,0,1,2,3,0,0,0,0]}