{"vertices":[-0.624887,0.215019,-0.0197099,-0.624887,0.21416,0.133355,0.623649,0.215019,-0.0197099,0.623649,0.21416,0.133355,-0.624887,-0.199573,-0.0220341,0.623649,-0.200431,0.131031,-0.624887,-0.200431,0.131031,0.623649,-0.199573,-0.0220341,-0.424461,0.387727,-0.0187417,-0.424461,0.386853,0.137156,-0.424461,-0.386297,-0.0230809,-0.424461,-0.387171,0.132817,-0.424461,0.213844,0.189812,-0.424461,-0.200747,0.187487,0.401768,0.386853,0.137156,0.401768,-0.386297,-0.0230809,0.401768,0.213844,0.189812,0.401768,-0.200747,0.187487,0.401768,0.387727,-0.0187417,0.401768,-0.387171,0.132817,-0.568492,-0.386297,-0.0230809,-0.624887,-0.329903,-0.0227647,-0.608369,-0.36978,-0.0229883,-0.624887,-0.330772,0.132277,-0.568492,-0.387171,0.132817,-0.608369,-0.370652,0.132659,-0.624887,0.331333,-0.0190578,-0.568492,0.387727,-0.0187417,-0.608369,0.37121,-0.0188343,-0.568492,0.386853,0.137156,-0.624887,0.330464,0.135915,-0.608369,0.370337,0.136792,0.623649,-0.329903,-0.0227647,0.567254,-0.386297,-0.0230809,0.607132,-0.36978,-0.0229883,0.567254,-0.387171,0.132817,0.623649,-0.330772,0.132277,0.607132,-0.370652,0.132659,0.567254,0.387727,-0.0187417,0.623649,0.331333,-0.0190578,0.607132,0.37121,-0.0188343,0.623649,0.330464,0.135915,0.567254,0.386853,0.137156,0.607132,0.370337,0.136792],"faces":[41,43,42,14,16,0,1,2,3,0,1,2,3,41,37,36,5,17,4,5,6,7,4,5,6,7,41,25,24,11,13,8,9,10,11,8,9,10,11,41,27,29,9,8,12,13,14,15,12,13,14,15,41,31,30,1,12,16,17,18,19,16,17,18,19,41,1,0,4,6,18,22,20,21,18,20,20,21,41,33,35,19,15,23,24,25,26,22,23,24,25,41,18,14,42,38,27,2,1,28,15,2,1,26,41,10,11,24,20,29,10,9,30,25,10,9,27,41,12,1,6,13,19,18,21,11,19,18,21,11,41,2,3,5,7,31,32,6,33,28,29,6,28,41,16,12,13,17,3,19,11,7,3,19,11,7,41,14,9,12,16,2,14,19,3,2,14,19,3,41,17,13,11,19,7,11,10,25,7,11,10,24,41,15,19,11,10,26,25,10,29,25,24,10,25,41,0,1,30,26,22,18,17,34,20,18,17,30,41,7,5,36,32,33,6,5,35,28,6,5,31,41,39,41,3,2,36,37,32,31,32,33,29,28,41,3,16,17,5,32,3,7,6,29,3,7,6,41,8,9,14,18,15,14,2,27,15,14,2,15,41,20,24,25,22,30,9,8,38,27,9,8,34,41,22,25,23,21,38,8,39,40,34,8,35,36,41,29,27,28,31,13,12,41,16,13,12,37,16,41,31,28,26,30,16,41,34,17,16,37,30,17,41,41,39,40,43,37,36,42,0,33,32,38,0,41,43,40,38,42,0,42,28,1,0,38,26,1,41,35,33,34,37,24,23,43,4,23,22,39,4,41,37,34,32,36,4,43,35,5,4,39,31,5,41,21,23,6,4,40,39,21,20,36,35,21,20,41,23,25,13,6,39,8,11,21,35,8,11,21,41,29,31,12,9,13,16,19,14,13,16,19,14,41,41,43,16,3,37,0,3,32,33,0,3,29,41,35,37,17,19,24,4,7,25,23,4,7,24],"uvs":[[0.864707,0.571983,0.847984,0.58597,0.76079,0.610615,0.752528,0.493131,0.868372,0.151469,0.881342,0.168716,0.897181,0.23838,0.753713,0.238244,0.132717,0.147139,0.149331,0.133015,0.225136,0.11078,0.232432,0.235364,0.0776197,0.654891,0.146037,0.583034,0.221825,0.605309,0.183686,0.715991,0.129612,0.568894,0.116607,0.551758,0.102101,0.48957,0.231933,0.488718,8.7953e-05,0.204667,0.100944,0.232574,8.47131e-05,0.518198,0.920493,0.0658079,0.851858,0.137283,0.764303,0.111841,0.798594,8.47131e-05,0.791343,0.717837,0.91447,0.663567,0.190798,0.00421774,0.0832148,0.0549699,0.994583,0.525051,0.895067,0.494126,0.999915,0.212786,0.0355129,0.603537,0.96233,0.116947,0.959322,0.611223,0.878366,0.555311,0.0583084,0.0805866,0.119112,0.163962,0.0378711,0.107236,0.0545692,0.629767,0.939137,0.637896,0.943377,0.0908631]],"normals":[0.585345,0.577074,0.569475,0.14246,0.807733,0.572008,0.00729392,0.798608,0.601794,0.090762,0.111423,0.989593,0.584246,-0.582354,0.565233,0.800195,-0.140538,0.582995,0.788934,-0.00595111,0.614399,0.0917692,-0.112827,0.989349,-0.586352,-0.583911,0.561388,-0.144078,-0.809198,0.569536,-0.00769066,-0.799402,0.600726,-0.102939,-0.111148,0.988433,-0.195074,0.980743,0.00549333,-0.144047,0.807733,0.571642,-0.00817896,0.7987,0.601672,0,0.999969,0.00558489,-0.587573,0.578784,0.565416,-0.806299,0.134861,0.575884,-0.796472,0.000122074,0.604663,-0.101779,0.109653,0.988739,-1,0,0,-0.796289,-0.00656148,0.604846,0.195074,-0.980743,-0.00549333,0.142582,-0.809229,0.569872,0.00686666,-0.79931,0.600818,0,-0.999969,-0.00558489,0.195074,0.980743,0.00549333,-0.195074,-0.980743,-0.00549333,1,0,0,0.789117,-0.000640889,0.614215,-0.980773,0.195074,0.00106815,0.980773,-0.195074,-0.00106815,0.980773,0.195074,0.00106815,0.800195,0.134587,0.584399,-0.707083,-0.707083,-0.00393689,-0.806299,-0.140599,0.574541,-0.980773,-0.195074,-0.00106815,-0.707083,0.707083,0.00393689,0.707083,0.707083,0.00393689,0.707083,-0.707083,-0.00393689],"metadata":{"version":3,"generator":"io_three","normals":40,"vertices":44,"type":"Geometry","uvs":1,"faces":33}}