{
    "faces":[41,0,1,3,2,0,1,2,3,0,0,0,0,41,4,6,7,5,4,5,6,7,1,1,1,1],
    "metadata":{
        "normals":2,
        "type":"Geometry",
        "vertices":8,
        "faces":2,
        "version":3,
        "generator":"io_three",
        "uvs":1
    },
    "vertices":[-0.258754,0.522694,-2.94345,0.258754,0.522694,-2.94345,-0.258754,0.272313,-2.94345,0.258754,0.272313,-2.94345,-0.258754,0.661261,3.18728,0.258754,0.661261,3.18728,-0.258754,0.414292,3.14609,0.258754,0.414292,3.14609],
    "normals":[0,0,-1,0,-0.16452,0.986374],
    "uvs":[[0.997923,0.483888,0.00207713,0.483888,0.00207704,0.00207722,0.997923,0.00207704,0.00207704,0.483888,0.00207704,0.00207704,0.997923,0.0020771,0.997923,0.483888]]
}