{"faces":[41,0,1,3,2,0,1,2,3,0,1,2,3,0,0,0,0],"vertices":[-6.96664,3.04521e-07,6.96664,6.96664,3.04521e-07,6.96664,-6.96664,-3.04521e-07,-6.96664,6.96664,-3.04521e-07,-6.96664],"metadata":{"type":"Geometry","vertices":4,"uvs":2,"generator":"io_three","faces":2,"version":3,"normals":1},"normals":[0,1,-4.37114e-08],"uvs":[[0.00010004,9.998e-05,0.9999,9.998e-05,0.9999,0.9999,9.998e-05,0.9999],[0.00010004,9.998e-05,0.9999,9.998e-05,0.9999,0.9999,9.998e-05,0.9999]]}