{"metadata":{"type":"Geometry","uvs":1,"version":3,"faces":46,"generator":"io_three","normals":34,"vertices":53},"faces":[41,1,23,25,3,0,1,2,3,0,0,0,0,41,2,0,1,3,6,7,4,5,1,1,1,1,41,22,0,2,24,8,9,10,11,2,2,2,2,41,24,2,3,25,12,13,14,15,3,3,3,3,41,17,16,5,7,16,17,18,19,4,4,4,4,41,46,17,7,28,20,16,19,21,4,4,4,4,41,19,12,9,18,22,23,24,25,5,5,5,5,41,5,9,12,7,26,27,28,29,6,6,6,6,41,7,12,35,28,29,28,30,31,7,7,7,7,41,6,13,8,4,32,33,34,35,8,8,8,8,41,26,32,13,6,36,37,33,32,9,9,9,9,41,16,18,9,5,38,39,40,41,10,10,10,10,41,38,43,15,11,42,43,44,45,11,11,11,11,41,39,35,12,10,46,47,23,48,5,5,5,5,41,11,13,32,38,49,50,51,52,12,12,12,12,41,20,19,13,11,53,22,50,49,13,13,13,13,41,20,21,14,10,54,55,56,57,14,14,14,14,41,10,14,42,39,58,59,60,61,15,15,15,15,41,11,15,21,20,62,63,55,54,16,16,16,16,41,10,12,19,20,48,23,22,53,17,17,17,17,41,4,8,18,16,64,65,39,38,10,10,10,10,41,13,19,18,8,50,22,25,66,5,5,5,5,41,26,6,17,46,67,68,16,20,4,4,4,4,41,6,4,16,17,68,69,17,16,4,4,4,4,41,23,22,24,25,70,71,72,73,18,18,18,18,41,48,31,29,47,74,75,76,77,19,19,19,19,41,46,28,31,48,20,21,75,74,19,19,19,19,41,50,49,34,40,78,79,80,81,20,20,20,20,41,29,31,40,34,82,83,84,85,21,21,21,21,41,31,28,35,40,83,31,30,84,22,22,22,22,41,30,27,33,41,86,87,88,89,23,23,23,23,41,26,30,41,32,36,86,89,37,24,24,24,24,41,47,29,34,49,90,91,92,93,25,25,25,25,41,38,37,45,43,42,94,95,43,26,26,26,26,41,39,36,40,35,46,96,81,47,20,20,20,20,41,37,38,32,41,97,52,51,98,27,27,27,27,41,51,37,41,50,99,97,98,78,28,28,28,28,41,51,36,44,52,100,101,102,103,29,29,29,29,41,36,39,42,44,104,61,60,105,30,30,30,30,41,37,51,52,45,106,100,103,107,31,31,31,31,41,36,51,50,40,96,99,78,81,32,32,32,32,41,27,47,49,33,108,90,93,109,25,25,25,25,41,41,33,49,50,98,110,79,78,20,20,20,20,41,26,46,48,30,67,20,74,111,19,19,19,19,41,30,48,47,27,111,74,77,112,19,19,19,19,41,0,22,23,1,113,114,115,116,33,33,33,33],"uvs":[[0.385526,0.690784,0.385526,0.00630101,0.310262,0.006302,0.310262,0.690784,0.649124,0.00630101,0.57386,0.00630201,0.57386,0.335388,0.649124,0.335388,0.398128,0.00630101,0.398128,0.690783,0.473392,0.690783,0.473392,0.00630101,0.00630101,0.993699,0.690783,0.993699,0.690783,0.703386,0.00630101,0.703386,0.538854,0.38096,0.548195,0.357356,0.566741,0.366721,0.562319,0.392198,0.527566,0.409481,0.566741,0.429264,0.516278,0.516545,0.539341,0.504287,0.525483,0.483575,0.506937,0.492941,0.579343,0.347991,0.594741,0.347991,0.594741,0.373288,0.579343,0.373288,0.594741,0.405088,0.579343,0.405088,0.507159,0.636698,0.507159,0.621355,0.485994,0.621684,0.485994,0.637026,0.543091,0.634892,0.543091,0.619159,0.594739,0.497735,0.579343,0.497735,0.579343,0.474787,0.594739,0.474787,0.621842,0.44259,0.607343,0.442322,0.610475,0.422563,0.621842,0.423262,0.549326,0.534078,0.56674,0.525284,0.536918,0.519099,0.503766,0.535916,0.492493,0.523418,0.485994,0.566059,0.505106,0.556408,0.516672,0.517531,0.608737,0.500433,0.623267,0.500311,0.623267,0.520549,0.607341,0.520683,0.607343,0.34911,0.623258,0.347991,0.621469,0.368505,0.607344,0.368505,0.608268,0.479619,0.61969,0.479523,0.594739,0.520682,0.579343,0.520683,0.488391,0.502306,0.485994,0.388488,0.518457,0.365522,0.529649,0.347991,0.485994,0.335389,0.485994,0.00630194,0.561258,0.00630101,0.561258,0.335388,0.516279,0.438003,0.539341,0.450261,0.525484,0.470973,0.506938,0.461607,0.538853,0.573588,0.548194,0.597192,0.56674,0.587827,0.562319,0.56235,0.579343,0.462185,0.579343,0.436889,0.594741,0.436889,0.594741,0.462185,0.579024,0.636698,0.600188,0.637026,0.600188,0.621684,0.579024,0.621355,0.594739,0.556233,0.594739,0.57918,0.579343,0.57918,0.579343,0.556233,0.62128,0.461909,0.609899,0.462185,0.550933,0.554511,0.51773,0.571203,0.518457,0.589025,0.538464,0.572599,0.608737,0.553534,0.607341,0.533285,0.623268,0.533418,0.623268,0.553657,0.607344,0.3879,0.623258,0.38902,0.608268,0.574348,0.61969,0.574444,0.594739,0.533285,0.579343,0.533285,0.529648,0.606557,0.492494,0.43113,0.488392,0.452242,0.00630101,0.00630207,0.00630111,0.690784,0.29766,0.690784,0.29766,0.00630101]],"vertices":[0.603961,0.411875,-1.93131,0.603961,0.992687,-1.93131,0.603961,0.411875,-1.78128,0.603961,0.992687,-1.78128,0.100761,1.04575,-1.80923,0.100761,1.04575,-1.89023,0.0634105,1.04575,-1.80149,0.0561185,1.04575,-1.90053,0.100761,1.01506,-1.80923,0.100761,1.01506,-1.89023,0.0342271,1.01506,-1.88545,0.0341052,1.01267,-1.813,0.0561185,1.01506,-1.90053,0.0634105,1.01506,-1.80149,0.0362031,0.983334,-1.88545,0.0349657,0.989908,-1.813,0.100761,1.04575,-1.84973,0.0551331,1.04575,-1.84973,0.100761,1.01506,-1.84973,0.0551331,1.01506,-1.84973,0.0532236,1.01229,-1.84973,0.0540841,0.983334,-1.84973,-0.603961,0.411875,-1.93131,-0.603961,0.992687,-1.93131,-0.603961,0.411875,-1.78128,-0.603961,0.992687,-1.78128,0,1.04575,-1.75895,-0.100761,1.04575,-1.80923,0,1.04575,-1.93527,-0.100761,1.04575,-1.89023,-0.0634105,1.04575,-1.80149,-0.0561185,1.04575,-1.90053,0,1.01428,-1.75895,-0.100761,1.01506,-1.80923,-0.100761,1.01506,-1.89023,0,1.01506,-1.93527,-0.0342271,1.01506,-1.88545,-0.0341052,1.01267,-1.813,0,1.01428,-1.80069,0,1.01506,-1.89725,-0.0561185,1.01506,-1.90053,-0.0634105,1.01506,-1.80149,0,0.986898,-1.91687,0,0.986216,-1.78949,-0.0362031,0.983334,-1.88545,-0.0349657,0.989908,-1.813,0,1.04575,-1.84973,-0.100761,1.04575,-1.84973,-0.0551331,1.04575,-1.84973,-0.100761,1.01506,-1.84973,-0.0551331,1.01506,-1.84973,-0.0532236,1.01229,-1.84973,-0.0540841,0.983334,-1.84973],"normals":[0,1,0,1,0,0,0,-1,-0,0,0,1,0,1,-0,-0,-1,0,0.224869,-1.8936e-06,-0.974389,0.526371,0,-0.850255,0.20293,0,0.979193,0.557115,0,0.830435,1,0,-0,0.44643,0.199713,0.872247,0.0127925,-0.999204,0.0377922,0.154238,-0.987741,0.0240593,0.888495,0.0415323,-0.457002,0.511992,0.282771,-0.811114,0.887773,0.029542,0.459333,0.0843673,-0.995211,-0.0493744,-1,0,-0,-0,1,0,0,-1,0,-0.224869,-1.8936e-06,-0.974389,-0.526371,0,-0.850255,-0.20293,0,0.979193,-0.557115,0,0.830435,-1,0,0,-0.44643,0.199713,0.872247,-0.0127925,-0.999204,0.0377922,-0.154238,-0.987741,0.0240593,-0.888495,0.0415323,-0.457002,-0.511992,0.282771,-0.811114,-0.887773,0.029542,0.459333,-0.0843673,-0.995211,-0.0493744,0,-0,-1]}